RAD,AGE,CHAS,PRICE,RM,INDUS,ZN,TAX,CRIM,NOX,PTRATIO
4,23.4,0,27.9,6.63,4.95,80.0,245,0.03615,0.411,19.2
4,53.6,0,22.9,6.442,15.04,28.0,270,0.04203,0.464,18.2
24,100.0,0,16.7,6.411,18.1,0.0,666,11.0874,0.718,20.2
5,32.2,0,35.1,6.812,3.33,20.0,216,0.21038,0.4429,14.9
8,83.0,0,50.0,8.725,6.2,0.0,307,0.52693,0.504,17.4
8,76.9,0,31.7,7.412,6.2,0.0,307,0.46296,0.504,17.4
24,97.4,0,13.3,6.162,18.1,0.0,666,6.39312,0.584,20.2
5,79.2,0,23.8,5.877,19.58,0.0,403,1.80028,0.605,14.7
4,18.4,0,23.9,6.127,13.92,0.0,289,0.08265,0.437,16.0
4,33.2,0,48.5,7.853,2.68,95.0,224,0.0351,0.4161,14.7
5,36.1,0,30.1,6.728,2.02,90.0,187,0.01709,0.41,17.0
3,62.0,0,19.4,5.602,6.91,0.0,233,0.21977,0.448,17.9
4,31.1,0,19.4,5.787,3.37,80.0,337,0.04379,0.398,16.1
5,96.7,0,19.5,5.851,8.56,0.0,384,0.13262,0.52,20.9
5,46.3,0,19.5,5.869,5.19,0.0,224,0.03427,0.515,20.2
24,96.2,0,13.1,6.38,18.1,0.0,666,23.6482,0.671,20.2
3,95.6,0,32.5,6.563,2.46,0.0,193,0.10008,0.488,17.8
4,58.8,0,21.0,6.113,9.9,0.0,304,0.47547,0.544,18.4
8,61.5,0,24.0,6.086,6.2,0.0,307,0.33045,0.507,17.4
5,91.8,0,22.7,5.854,19.58,0.0,403,2.24236,0.605,14.7
4,56.5,0,19.9,5.834,8.14,0.0,307,0.62739,0.538,21.0
4,29.3,0,23.1,5.935,8.14,0.0,307,1.05393,0.538,21.0
24,100.0,0,50.0,6.216,18.1,0.0,666,9.2323,0.631,20.2
4,100.0,0,14.5,6.072,8.14,0.0,307,1.35472,0.538,21.0
24,100.0,0,50.0,4.97,18.1,0.0,666,4.89822,0.631,20.2
2,86.3,0,23.6,7.007,3.41,0.0,270,0.0566,0.489,17.8
24,87.9,0,12.7,5.976,18.1,0.0,666,4.66883,0.713,20.2
4,82.5,0,22.8,6.635,9.9,0.0,304,0.49298,0.544,18.4
5,30.8,0,30.5,6.739,3.44,45.0,398,0.06911,0.437,15.2
2,69.6,0,21.4,6.163,2.89,0.0,276,0.11504,0.445,18.0
8,93.4,0,16.0,5.966,5.13,25.0,284,0.17171,0.453,19.7
5,39.0,0,21.7,5.889,7.87,12.5,311,0.09378,0.524,15.2
5,26.3,0,36.4,7.178,3.44,45.0,398,0.08664,0.437,15.2
4,98.8,0,13.6,5.983,27.74,0.0,711,0.10574,0.609,20.1
6,42.6,0,24.5,5.926,9.69,0.0,391,0.27957,0.585,19.2
4,9.8,0,23.7,5.412,10.59,0.0,277,0.28955,0.489,18.6
2,62.5,0,33.2,7.416,2.89,0.0,276,0.0686,0.445,18.0
3,58.7,0,28.7,6.43,2.18,0.0,222,0.02985,0.458,18.7
24,97.0,0,15.1,5.713,18.1,0.0,666,6.96215,0.7,20.2
4,32.3,0,28.1,6.375,10.59,0.0,277,0.14052,0.489,18.6
5,97.1,0,19.8,6.474,8.56,0.0,384,0.12802,0.52,20.9
4,94.1,0,12.7,5.713,8.14,0.0,307,1.13081,0.538,21.0
24,88.4,0,17.7,6.376,18.1,0.0,666,3.69311,0.713,20.2
24,98.8,0,13.1,6.471,18.1,0.0,666,8.71675,0.693,20.2
5,94.3,0,15.0,6.377,7.87,12.5,311,0.22489,0.524,15.2
4,35.9,0,24.1,6.579,1.69,60.0,411,0.0795,0.411,18.3
4,67.2,0,23.1,6.382,9.9,0.0,304,0.40202,0.544,18.4
5,38.1,0,22.2,6.316,5.19,0.0,224,0.05083,0.515,20.2
24,93.3,0,9.6,6.461,18.1,0.0,666,14.4208,0.74,20.2
1,34.5,0,26.6,6.939,1.25,40.0,335,0.02899,0.429,19.7
2,63.1,0,28.7,7.079,3.41,0.0,270,0.05302,0.489,17.8
24,59.7,0,10.2,5.837,18.1,0.0,666,12.2472,0.584,20.2
24,86.1,0,14.5,6.348,18.1,0.0,666,8.49213,0.584,20.2
5,71.3,0,26.5,6.781,8.56,0.0,384,0.11432,0.52,20.9
5,100.0,0,23.3,6.51,19.58,0.0,403,1.42502,0.871,14.7
24,77.8,0,6.3,5.852,18.1,0.0,666,9.91655,0.693,20.2
24,87.9,0,8.4,5.935,18.1,0.0,666,13.6781,0.74,20.2
5,21.9,0,35.4,7.249,1.22,90.0,226,0.01311,0.403,17.9
4,33.0,0,20.9,5.885,6.07,12.5,345,0.12816,0.409,18.9
4,52.5,0,24.4,6.326,10.59,0.0,277,0.22969,0.489,18.6
24,99.1,0,10.9,6.545,18.1,0.0,666,15.8744,0.671,20.2
5,41.1,0,32.0,6.782,3.44,45.0,398,0.07875,0.437,15.2
5,40.1,0,25.0,6.415,7.38,0.0,287,0.34109,0.493,19.6
6,7.8,0,23.7,6.393,4.93,30.0,300,0.12757,0.428,16.6
4,42.3,0,21.7,6.009,13.92,0.0,289,0.08199,0.437,16.0
5,58.5,0,18.7,5.968,5.19,0.0,224,0.06151,0.515,20.2
24,90.0,0,16.4,6.701,18.1,0.0,666,4.81213,0.713,20.2
5,100.0,0,15.6,5.468,19.58,0.0,403,4.0974,0.871,14.7
24,90.8,0,7.5,6.782,18.1,0.0,666,10.8342,0.679,20.2
4,29.7,0,24.5,6.635,2.01,80.0,280,0.01501,0.435,17.0
24,100.0,0,13.8,4.138,18.1,0.0,666,18.4982,0.668,20.2
2,34.1,0,33.3,7.287,1.52,80.0,329,0.04011,0.404,12.6
8,68.1,0,24.3,5.981,6.2,0.0,307,0.537,0.504,17.4
3,21.8,0,30.8,6.595,2.95,75.0,252,0.02763,0.428,18.3
24,94.5,0,19.1,6.003,18.1,0.0,666,4.42228,0.584,20.2
5,38.9,0,34.9,7.185,3.44,45.0,398,0.0837,0.437,15.2
24,96.0,0,8.3,5.349,18.1,0.0,666,24.8017,0.693,20.2
5,52.3,0,23.8,6.426,7.38,0.0,287,0.1676,0.493,19.6
24,94.6,0,13.4,6.629,18.1,0.0,666,11.1604,0.74,20.2
24,96.8,1,50.0,6.683,18.1,0.0,666,5.66998,0.631,20.2
7,41.1,0,36.1,7.236,2.18,33.0,222,0.05515,0.472,18.4
5,85.4,0,18.6,6.405,8.56,0.0,384,0.22876,0.52,20.9
4,18.5,0,18.6,5.884,1.69,60.0,411,0.07244,0.411,18.3
4,92.1,1,21.7,5.96,10.59,0.0,277,0.17446,0.489,18.6
24,100.0,0,11.9,4.138,18.1,0.0,666,20.7162,0.659,20.2
24,92.6,0,13.4,6.749,18.1,0.0,666,6.71772,0.713,20.2
3,61.5,1,20.7,5.92,6.96,20.0,223,0.09065,0.464,18.6
1,76.7,0,20.6,6.12,11.93,0.0,273,0.04527,0.573,21.0
4,94.1,0,15.6,5.924,8.14,0.0,307,0.75026,0.538,21.0
3,68.8,0,29.6,6.153,2.46,0.0,193,0.06047,0.488,17.8
3,47.6,0,18.9,5.888,4.0,75.0,469,0.0136,0.41,21.1
4,21.1,0,25.0,6.511,5.64,21.0,243,0.0536,0.439,16.8
5,87.4,0,19.3,6.137,8.56,0.0,384,0.21161,0.52,20.9
24,98.8,0,13.3,6.794,18.1,0.0,666,9.82349,0.671,20.2
8,86.5,0,37.6,8.04,6.2,0.0,307,0.38214,0.504,17.4
4,97.9,0,17.8,6.151,21.89,0.0,437,0.54452,0.624,21.2
5,81.8,0,33.8,7.203,3.97,20.0,264,0.54011,0.647,13.0
24,53.2,0,20.6,5.905,18.1,0.0,666,4.83567,0.583,20.2
5,100.0,0,16.5,5.631,7.87,12.5,311,0.21124,0.524,15.2
5,100.0,0,15.6,5.628,19.58,0.0,403,2.15505,0.871,14.7
4,27.6,1,33.1,6.826,6.41,40.0,254,0.06127,0.447,17.6
5,34.5,0,21.1,6.037,5.19,0.0,224,0.03961,0.515,20.2
3,83.3,0,39.8,7.765,2.46,0.0,193,0.06588,0.488,17.8
24,100.0,0,15.0,5.757,18.1,0.0,666,51.1358,0.597,20.2
24,84.0,0,19.9,6.167,18.1,0.0,666,4.34879,0.58,20.2
5,95.2,0,22.3,6.402,19.58,0.0,403,2.44953,0.605,14.7
3,59.5,0,33.0,7.104,1.38,17.5,216,0.01951,0.4161,18.6
24,95.6,0,9.5,6.38,18.1,0.0,666,9.33889,0.679,20.2
6,92.9,0,18.8,5.913,10.01,0.0,432,0.12329,0.547,17.8
4,90.4,0,19.4,6.023,9.9,0.0,304,0.26169,0.544,18.4
5,91.5,0,48.8,8.398,3.97,20.0,264,0.52014,0.647,13.0
1,18.8,0,29.1,6.604,2.93,60.0,265,0.01439,0.401,15.6
4,85.7,0,13.9,5.599,8.14,0.0,307,0.84054,0.538,21.0
4,95.0,0,13.1,5.701,8.14,0.0,307,1.15172,0.538,21.0
4,89.2,0,19.6,5.965,8.14,0.0,307,0.85204,0.538,21.0
5,97.8,0,11.8,4.903,19.58,0.0,403,2.77974,0.871,14.7
5,89.4,0,43.1,7.52,3.97,20.0,264,0.53412,0.647,13.0
24,83.0,0,19.5,6.317,18.1,0.0,666,6.65492,0.713,20.2
4,87.3,0,23.8,6.567,9.9,0.0,304,0.3692,0.544,18.4
6,72.5,0,21.2,6.176,10.01,0.0,432,0.13158,0.547,17.8
3,58.7,0,24.4,6.538,6.96,20.0,223,0.1146,0.464,18.6
24,74.9,0,23.7,6.75,18.1,0.0,666,5.70818,0.532,20.2
24,100.0,0,5.6,5.987,18.1,0.0,666,25.0461,0.693,20.2
24,100.0,0,10.5,4.652,18.1,0.0,666,24.3938,0.7,20.2
4,28.9,0,25.0,6.211,15.04,28.0,270,0.02875,0.464,18.2
1,49.3,0,32.7,7.241,1.52,35.0,284,0.01301,0.442,15.5
5,20.1,0,22.5,6.345,2.24,70.0,358,0.06466,0.4,14.8
5,54.4,0,21.7,6.195,8.56,0.0,384,0.10793,0.52,20.9
2,57.8,0,28.4,6.625,2.89,0.0,276,0.12204,0.445,18.0
5,21.5,0,37.0,6.951,3.44,45.0,398,0.09068,0.437,15.2
24,100.0,0,7.0,4.519,18.1,0.0,666,45.7461,0.693,20.2
4,96.9,0,13.5,6.096,8.14,0.0,307,1.61282,0.538,21.0
5,67.0,0,50.0,8.297,3.97,20.0,264,0.57834,0.575,13.0
7,49.1,0,24.5,6.433,5.86,22.0,330,0.16439,0.431,19.1
5,93.9,1,50.0,8.375,19.58,0.0,403,1.51902,0.605,14.7
24,98.9,0,11.5,5.39,18.1,0.0,666,8.15174,0.7,20.2
24,51.9,0,21.2,6.312,18.1,0.0,666,3.67367,0.583,20.2
24,92.6,0,13.8,6.193,18.1,0.0,666,8.64476,0.693,20.2
5,62.8,0,22.8,5.56,3.97,20.0,264,0.76162,0.647,13.0
24,93.9,0,12.8,5.627,18.1,0.0,666,9.39063,0.74,20.2
5,47.2,0,23.2,6.02,4.05,0.0,296,0.07022,0.51,16.6
5,96.1,0,23.8,6.319,19.58,0.0,403,2.3004,0.605,14.7
4,42.4,0,25.0,6.182,10.59,0.0,277,0.19802,0.489,18.6
6,88.2,0,18.3,5.928,10.01,0.0,432,0.17134,0.547,17.8
2,35.7,0,24.7,6.383,0.74,85.0,313,0.02055,0.41,17.3
5,37.2,0,35.4,6.968,3.33,20.0,216,0.03705,0.4429,14.9
24,91.8,0,16.1,6.297,18.1,0.0,666,5.09017,0.713,20.2
4,82.8,0,21.6,6.266,9.9,0.0,304,0.26938,0.544,18.4
5,100.0,0,36.0,7.333,3.97,20.0,264,0.66351,0.647,13.0
4,27.7,0,37.3,7.148,4.95,80.0,245,0.07886,0.411,19.2
24,83.7,0,14.9,6.301,18.1,0.0,666,7.75223,0.713,20.2
4,88.8,0,14.8,6.047,8.14,0.0,307,0.95577,0.538,21.0
24,65.4,0,21.4,6.209,18.1,0.0,666,7.83932,0.655,20.2
5,84.1,0,23.6,6.416,4.05,0.0,296,0.09178,0.51,16.6
4,22.3,0,22.6,5.891,10.59,0.0,277,0.13642,0.489,18.6
24,100.0,0,13.8,4.906,18.1,0.0,666,11.1081,0.668,20.2
1,20.8,0,32.2,7.088,2.97,90.0,285,0.00906,0.4,15.3
6,54.3,0,22.0,6.897,4.93,30.0,300,0.11329,0.428,16.6
4,42.8,0,32.0,6.854,6.41,40.0,254,0.09604,0.447,17.6
7,8.9,0,24.8,6.438,5.86,22.0,330,0.21409,0.431,19.1
4,98.2,0,13.3,5.857,21.89,0.0,437,0.2498,0.624,21.2
4,17.2,0,22.6,6.333,3.24,0.0,430,0.06724,0.46,16.9
7,6.8,0,29.6,6.957,5.86,22.0,330,0.08221,0.431,19.1
24,70.6,0,11.7,5.565,18.1,0.0,666,8.79212,0.584,20.2
2,36.6,0,30.3,7.107,1.52,80.0,329,0.04666,0.404,12.6
5,28.9,0,23.0,6.312,7.38,0.0,287,0.30347,0.493,19.6
24,85.1,0,13.4,6.103,18.1,0.0,666,7.05042,0.614,20.2
5,6.0,0,24.1,6.273,12.83,0.0,398,0.07896,0.437,18.7
4,84.5,0,18.2,6.096,8.14,0.0,307,0.63796,0.538,21.0
4,21.4,0,22.0,5.878,6.07,12.5,345,0.05789,0.409,18.9
4,33.5,0,28.0,6.727,4.86,25.0,281,0.04113,0.426,19.0
4,98.4,0,15.6,5.757,21.89,0.0,437,0.97617,0.624,21.2
6,18.5,0,23.7,6.481,4.93,30.0,300,0.08244,0.428,16.6
4,98.9,0,19.2,6.458,21.89,0.0,437,0.34006,0.624,21.2
24,89.0,1,16.8,5.803,18.1,0.0,666,4.22239,0.77,20.2
7,17.7,0,33.1,6.982,6.09,34.0,329,0.1,0.433,16.1
24,78.7,0,10.9,6.202,18.1,0.0,666,37.6619,0.679,20.2
4,95.4,0,18.4,5.822,21.89,0.0,437,0.32982,0.624,21.2
24,79.8,0,19.1,6.114,18.1,0.0,666,5.69175,0.583,20.2
6,95.4,0,18.7,6.092,10.01,0.0,432,0.22212,0.547,17.8
24,100.0,0,8.8,5.957,18.1,0.0,666,73.5341,0.679,20.2
24,40.3,0,21.8,5.762,18.1,0.0,666,2.81838,0.532,20.2
24,87.6,0,20.8,5.648,18.1,0.0,666,12.0482,0.614,20.2
7,40.4,0,22.0,6.59,6.09,34.0,329,0.03537,0.433,16.1
5,41.5,0,21.0,5.85,5.96,0.0,279,0.08014,0.499,19.2
5,85.1,0,28.7,6.642,13.89,0.0,276,0.07013,0.55,16.4
4,32.2,0,24.8,6.302,4.86,25.0,281,0.03659,0.426,19.0
4,97.9,0,23.0,6.372,21.89,0.0,437,0.59005,0.624,21.2
5,91.2,0,19.4,6.229,8.56,0.0,384,0.26363,0.52,20.9
24,71.0,0,19.1,5.926,18.1,0.0,666,15.5757,0.58,20.2
4,77.7,0,16.2,5.705,9.9,0.0,304,0.25356,0.544,18.4
7,70.3,0,28.2,6.849,2.18,33.0,222,0.04932,0.472,18.4
24,67.6,0,29.8,6.98,18.1,0.0,666,4.64689,0.614,20.2
24,91.4,0,21.9,4.963,18.1,0.0,666,3.69695,0.718,20.2
24,89.5,0,7.4,5.0,18.1,0.0,666,22.5971,0.7,20.2
7,34.9,0,24.3,6.108,5.86,22.0,330,0.33983,0.431,19.1
24,95.4,0,13.8,5.427,18.1,0.0,666,8.05579,0.584,20.2
5,94.5,0,31.0,7.327,3.97,20.0,264,0.82526,0.647,13.0
5,97.3,0,21.5,6.122,19.58,0.0,403,1.6566,0.871,14.7
6,31.3,0,23.2,6.209,5.32,52.5,293,0.03871,0.405,16.6
24,84.4,0,20.0,6.081,18.1,0.0,666,6.80117,0.713,20.2
6,65.1,0,20.1,6.095,4.93,30.0,300,0.10612,0.428,16.6
3,95.3,0,14.4,5.399,6.91,0.0,233,0.25387,0.448,17.9
7,13.0,0,24.4,6.487,5.86,22.0,330,0.1403,0.431,19.1
5,10.0,0,29.0,7.041,2.24,70.0,358,0.05561,0.4,14.8
24,100.0,0,16.3,5.155,18.1,0.0,666,28.6558,0.597,20.2
3,45.8,0,33.4,6.998,2.18,0.0,222,0.03237,0.458,18.7
4,87.3,0,21.0,6.674,8.14,0.0,307,1.00245,0.538,21.0
3,40.0,0,21.2,6.069,6.91,0.0,233,0.12269,0.448,17.9
1,44.4,0,22.9,6.49,1.25,40.0,335,0.06211,0.429,19.7
24,81.3,0,22.6,6.112,18.1,0.0,666,4.26131,0.77,20.2
2,36.9,0,43.8,7.82,2.89,0.0,276,0.08187,0.445,18.0
3,34.2,0,44.0,7.454,3.75,90.0,244,0.01538,0.394,15.9
8,88.5,1,26.7,6.951,6.2,0.0,307,0.35809,0.507,17.4
5,74.4,0,29.9,6.86,4.05,0.0,296,0.06642,0.51,16.6
4,97.7,0,19.6,6.326,21.89,0.0,437,1.19294,0.624,21.2
5,56.0,1,23.3,5.888,13.89,0.0,276,0.0456,0.55,16.4
5,56.4,0,23.9,6.696,3.78,55.0,370,0.02543,0.484,17.6
3,58.4,0,37.2,6.98,2.46,0.0,193,0.0578,0.488,17.8
4,77.3,0,20.6,6.249,15.04,28.0,270,0.04294,0.464,18.2
5,49.7,1,46.0,7.645,3.33,20.0,216,0.06129,0.4429,14.9
5,97.3,0,19.1,5.88,19.58,0.0,403,2.3139,0.605,14.7
24,93.6,0,16.7,6.484,18.1,0.0,666,4.87141,0.614,20.2
5,88.0,1,15.3,5.012,19.58,0.0,403,1.12658,0.871,14.7
4,88.6,1,19.3,5.404,10.59,0.0,277,0.37578,0.489,18.6
5,53.7,0,21.2,6.232,12.83,0.0,398,0.05646,0.437,18.7
24,100.0,0,17.2,6.657,18.1,0.0,666,14.0507,0.597,20.2
2,15.7,0,42.3,7.61,2.03,82.5,348,0.02177,0.415,14.7
1,23.3,0,19.4,6.031,6.06,35.0,304,0.03466,0.4379,16.9
4,76.7,0,20.3,5.972,9.9,0.0,304,0.3494,0.544,18.4
5,59.6,0,18.5,5.895,5.19,0.0,224,0.03041,0.515,20.2
4,45.7,0,19.7,5.963,5.64,21.0,243,0.08873,0.439,16.8
24,97.4,1,17.8,6.212,18.1,0.0,666,8.98296,0.77,20.2
4,98.0,0,8.1,5.093,27.74,0.0,711,0.20746,0.609,20.1
7,8.4,0,42.8,8.259,5.86,22.0,330,0.36894,0.431,19.1
2,69.7,0,22.0,5.87,25.65,0.0,188,0.06899,0.581,19.1
1,80.8,0,11.9,6.03,11.93,0.0,273,0.04741,0.573,21.0
4,93.6,0,14.0,6.174,21.89,0.0,437,0.2909,0.624,21.2
24,86.5,0,14.1,6.525,18.1,0.0,666,4.75237,0.713,20.2
4,70.4,0,23.9,6.619,4.86,25.0,281,0.04462,0.426,19.0
5,68.2,0,18.9,5.933,5.96,0.0,279,0.06417,0.499,19.2
7,71.9,0,33.4,7.42,2.18,33.0,222,0.07503,0.472,18.4
4,93.5,0,17.4,5.942,21.89,0.0,437,0.32264,0.624,21.2
8,29.2,0,23.3,6.145,5.13,25.0,284,0.15445,0.453,19.7
24,100.0,0,12.1,6.404,18.1,0.0,666,9.59571,0.693,20.2
6,28.8,0,23.1,5.67,9.69,0.0,391,0.17899,0.585,19.2
2,84.1,0,20.3,6.004,25.65,0.0,188,0.07165,0.581,19.1
1,31.5,0,20.1,6.23,1.76,80.0,241,0.01965,0.385,18.2
24,98.9,0,8.5,5.747,18.1,0.0,666,7.67202,0.693,20.2
4,98.1,0,13.6,5.57,8.14,0.0,307,1.25179,0.538,21.0
24,97.9,0,17.2,5.617,18.1,0.0,666,7.40389,0.597,20.2
1,59.7,0,16.5,6.54,1.89,0.0,422,0.02498,0.518,15.9
24,89.6,1,50.0,5.875,18.1,0.0,666,8.26725,0.668,20.2
6,65.3,0,21.2,6.019,9.69,0.0,391,0.23912,0.585,19.2
4,53.8,1,22.4,5.807,10.59,0.0,277,0.21719,0.489,18.6
5,98.2,1,50.0,7.802,19.58,0.0,403,1.83377,0.605,14.7
4,100.0,0,14.5,5.813,8.14,0.0,307,0.98843,0.538,21.0
4,58.0,0,20.3,5.79,13.92,0.0,289,0.14103,0.437,16.0
6,84.2,0,18.5,6.254,10.01,0.0,432,0.14231,0.547,17.8
8,77.7,1,27.5,6.879,6.2,0.0,307,0.62356,0.507,17.4
4,36.8,0,17.4,5.594,6.07,12.5,345,0.13554,0.409,18.9
1,91.0,0,23.9,6.976,11.93,0.0,273,0.06076,0.573,21.0
5,93.0,0,25.0,6.101,19.58,0.0,403,2.924,0.605,14.7
5,14.7,0,24.6,6.431,7.38,0.0,287,0.19186,0.493,19.6
6,22.9,0,24.8,6.565,5.32,52.5,293,0.04297,0.405,16.6
5,47.4,0,24.8,6.871,2.24,70.0,358,0.04417,0.4,14.8
6,72.9,0,19.7,5.39,9.69,0.0,391,0.2896,0.585,19.2
5,74.5,0,20.0,6.279,12.83,0.0,398,0.10153,0.437,18.7
24,97.0,0,9.7,5.036,18.1,0.0,666,11.5779,0.7,20.2
8,66.5,1,29.0,6.726,6.2,0.0,307,0.44791,0.507,17.4
4,96.0,0,16.2,5.693,21.89,0.0,437,0.25915,0.624,21.2
4,100.0,1,20.0,5.344,10.59,0.0,277,0.43571,0.489,18.6
24,77.0,0,25.0,7.061,18.1,0.0,666,5.73116,0.532,20.2
4,90.3,0,16.6,5.813,8.14,0.0,307,0.67191,0.538,21.0
5,61.4,0,20.0,5.841,5.96,0.0,279,0.09744,0.499,19.2
4,83.5,0,20.1,5.983,27.74,0.0,711,0.11132,0.609,20.1
24,78.1,0,11.0,6.193,18.1,0.0,666,7.36711,0.679,20.2
3,2.9,0,26.6,6.77,6.91,0.0,233,0.12744,0.448,17.9
5,93.8,1,21.5,5.951,13.89,0.0,276,0.11069,0.55,16.4
3,6.6,0,25.3,6.169,6.91,0.0,233,0.1415,0.448,17.9
24,92.4,0,10.5,5.818,18.1,0.0,666,22.0511,0.74,20.2
2,38.4,0,24.1,6.162,2.03,82.5,348,0.03445,0.415,14.7
6,45.6,0,22.3,6.315,5.32,52.5,293,0.0459,0.405,16.6
3,89.8,0,26.4,5.604,2.46,0.0,193,0.08308,0.488,17.8
4,72.7,0,22.5,5.783,10.59,0.0,277,0.25199,0.489,18.6
3,33.8,0,19.3,5.682,6.91,0.0,233,0.17142,0.448,17.9
24,97.5,1,50.0,7.016,18.1,0.0,666,6.53876,0.631,20.2
5,49.9,0,20.4,6.041,7.38,0.0,287,0.35114,0.493,19.6
24,100.0,0,8.7,6.152,18.1,0.0,666,15.1772,0.74,20.2
4,69.5,0,18.2,5.727,8.14,0.0,307,0.7258,0.538,21.0
24,98.7,0,14.1,6.185,18.1,0.0,666,9.32909,0.713,20.2
5,33.1,0,29.4,6.546,4.05,0.0,296,0.06664,0.51,16.6
8,80.8,0,30.1,6.618,6.2,0.0,307,0.6147,0.507,17.4
3,85.5,0,16.6,6.03,6.91,0.0,233,0.22927,0.448,17.9
24,100.0,0,23.1,3.863,18.1,0.0,666,13.5222,0.631,20.2
4,32.1,0,29.1,6.482,6.41,40.0,254,0.07978,0.447,17.6
5,45.0,0,21.4,6.286,12.83,0.0,398,0.09512,0.437,18.7
24,98.2,0,15.2,6.655,18.1,0.0,666,5.44114,0.713,20.2
8,79.9,0,31.6,7.163,6.2,0.0,307,0.41238,0.504,17.4
6,82.6,0,19.2,6.021,10.01,0.0,432,0.15098,0.547,17.8
2,61.1,0,34.7,7.185,7.07,0.0,242,0.02729,0.469,17.8
5,100.0,0,13.8,6.13,19.58,0.0,403,2.37934,0.871,14.7
2,78.9,0,21.6,6.421,7.07,0.0,242,0.02731,0.469,17.8
5,29.1,0,29.8,6.556,3.44,45.0,398,0.12579,0.437,15.2
7,76.5,0,17.6,5.593,5.86,22.0,330,0.20608,0.431,19.1
8,70.4,0,48.3,8.247,6.2,0.0,307,0.33147,0.507,17.4
7,79.2,0,20.5,6.226,5.86,22.0,330,0.19657,0.431,19.1
4,51.0,0,27.1,6.549,13.92,0.0,289,0.05372,0.437,16.0
4,7.8,0,22.8,6.065,10.81,0.0,305,0.09164,0.413,19.2
5,74.3,0,18.5,5.708,7.38,0.0,287,0.28392,0.493,19.6
3,51.8,1,35.2,7.691,6.96,20.0,223,0.22188,0.464,18.6
24,100.0,0,18.4,6.219,18.1,0.0,666,5.66637,0.74,20.2
4,32.0,0,50.0,7.875,0.46,80.0,255,0.01381,0.422,14.4
5,100.0,1,13.4,5.403,19.58,0.0,403,3.32105,0.871,14.7
4,36.6,0,20.2,5.456,8.14,0.0,307,0.80271,0.538,21.0
24,91.1,0,19.9,6.251,18.1,0.0,666,3.83684,0.77,20.2
1,69.1,0,22.4,6.593,11.93,0.0,273,0.06263,0.573,21.0
24,94.3,0,14.1,6.833,18.1,0.0,666,10.0623,0.584,20.2
4,98.8,0,18.0,6.431,21.89,0.0,437,0.32543,0.624,21.2
8,91.3,1,21.7,6.164,6.2,0.0,307,0.40771,0.507,17.4
5,92.6,1,27.0,6.25,19.58,0.0,403,1.27346,0.605,14.7
3,48.0,0,23.9,6.389,4.49,0.0,247,0.05059,0.449,18.5
5,28.1,0,31.2,6.874,3.78,55.0,370,0.03049,0.484,17.6
3,13.9,0,32.9,7.135,1.47,95.0,402,0.01778,0.403,17.0
4,37.8,0,16.1,4.973,9.9,0.0,304,2.63548,0.544,18.4
24,97.2,0,17.1,6.406,18.1,0.0,666,9.72418,0.74,20.2
4,46.7,0,22.9,6.167,4.86,25.0,281,0.03551,0.426,19.0
8,71.6,0,31.5,7.358,6.2,0.0,307,0.51183,0.507,17.4
24,94.1,0,14.9,6.728,18.1,0.0,666,9.51363,0.713,20.2
4,32.9,1,32.4,6.758,6.41,40.0,254,0.05644,0.447,17.6
24,95.4,0,8.3,5.896,18.1,0.0,666,15.8603,0.679,20.2
3,42.1,0,21.1,5.856,6.96,20.0,223,0.29916,0.464,18.6
6,79.7,0,16.8,6.027,9.69,0.0,391,0.22438,0.585,19.2
24,41.9,0,20.6,5.871,18.1,0.0,666,2.37857,0.583,20.2
3,45.1,0,22.5,6.015,4.49,0.0,247,0.05188,0.449,18.5
5,100.0,0,19.6,5.404,19.58,0.0,403,1.49632,0.871,14.7
4,71.7,0,19.8,5.782,9.9,0.0,304,0.24522,0.544,18.4
3,92.2,0,37.9,7.155,2.46,0.0,193,0.09103,0.488,17.8
8,67.8,0,22.2,6.456,5.13,25.0,284,0.11027,0.453,19.7
1,24.8,1,50.0,7.923,1.21,90.0,198,0.01501,0.401,13.6
5,100.0,0,24.3,6.066,19.58,0.0,403,1.34284,0.605,14.7
8,66.2,0,18.7,5.741,5.13,25.0,284,0.14932,0.453,19.7
6,54.0,0,21.8,5.707,9.69,0.0,391,0.17331,0.585,19.2
4,31.1,0,28.6,6.678,13.92,0.0,289,0.12932,0.437,16.0
24,74.8,0,16.1,6.425,18.1,0.0,666,6.44405,0.584,20.2
24,99.3,0,17.8,7.393,18.1,0.0,666,8.24809,0.713,20.2
24,95.0,0,11.7,6.208,18.1,0.0,666,13.9134,0.713,20.2
24,100.0,0,10.2,4.88,18.1,0.0,666,14.3337,0.7,20.2
2,95.6,0,15.7,5.613,25.65,0.0,188,0.38735,0.581,19.1
3,54.2,0,36.2,7.147,2.18,0.0,222,0.06905,0.458,18.7
3,52.3,0,17.2,5.898,4.39,0.0,352,0.06162,0.442,18.8
24,97.3,0,12.0,5.304,18.1,0.0,666,15.0234,0.614,20.2
5,30.2,0,24.7,5.966,5.96,0.0,279,0.17505,0.499,19.2
3,56.8,0,22.2,6.121,4.49,0.0,247,0.07151,0.449,18.5
5,94.6,0,17.4,5.875,19.58,0.0,403,1.20742,0.605,14.7
6,81.6,0,22.8,6.715,10.01,0.0,432,0.10084,0.547,17.8
4,98.4,0,17.1,6.454,21.89,0.0,437,0.35233,0.624,21.2
24,100.0,0,5.0,5.683,18.1,0.0,666,67.9208,0.693,20.2
8,17.0,0,46.7,7.686,6.2,0.0,307,0.29819,0.504,17.4
2,95.8,0,18.8,5.879,25.65,0.0,188,0.09849,0.581,19.1
24,98.1,0,7.2,5.277,18.1,0.0,666,16.8118,0.7,20.2
4,94.7,0,14.3,5.637,21.89,0.0,437,0.88125,0.624,21.2
5,54.3,0,23.1,6.376,7.38,0.0,287,0.18159,0.493,19.6
24,64.7,0,23.0,6.242,18.1,0.0,666,5.82401,0.532,20.2
4,19.5,0,20.6,5.936,1.91,80.0,334,0.10659,0.413,22.0
1,31.9,0,22.0,6.453,2.25,55.0,300,0.01096,0.389,15.3
5,85.9,0,18.9,6.004,7.87,12.5,311,0.17004,0.524,15.2
2,38.3,0,34.6,7.274,1.52,80.0,329,0.03768,0.404,12.6
5,96.2,0,50.0,7.929,19.58,0.0,403,2.01019,0.605,14.7
5,79.9,0,27.5,6.727,8.56,0.0,384,0.14866,0.52,20.9
5,68.7,0,22.6,5.859,4.05,0.0,296,0.08447,0.51,16.6
5,91.9,0,19.5,5.836,8.56,0.0,384,0.1712,0.52,20.9
4,6.2,0,23.4,6.245,10.81,0.0,305,0.19539,0.413,19.2
24,83.4,1,22.7,6.127,18.1,0.0,666,5.20177,0.77,20.2
3,33.3,0,20.0,5.786,6.91,0.0,233,0.18836,0.448,17.9
1,9.9,0,31.1,6.8,2.93,60.0,265,0.02187,0.401,15.6
24,94.8,0,11.8,6.459,18.1,0.0,666,10.6718,0.74,20.2
3,16.3,0,25.2,6.24,6.96,20.0,223,0.16211,0.464,18.6
24,89.9,0,20.2,6.513,18.1,0.0,666,5.82115,0.713,20.2
5,45.4,0,19.0,5.985,5.19,0.0,224,0.05497,0.515,20.2
4,92.7,0,15.2,5.454,27.74,0.0,711,0.15086,0.609,20.1
24,87.9,0,14.3,6.436,18.1,0.0,666,5.58107,0.713,20.2
5,66.6,0,22.9,6.012,7.87,12.5,311,0.08829,0.524,15.2
5,90.8,0,50.0,7.489,19.58,0.0,403,1.46336,0.605,14.7
8,73.3,0,41.7,8.337,6.2,0.0,307,0.57529,0.507,17.4
1,89.3,0,22.0,6.794,11.93,0.0,273,0.10959,0.573,21.0
5,36.6,0,20.3,5.874,12.83,0.0,398,0.08387,0.437,18.7
2,66.1,0,22.6,6.417,3.41,0.0,270,0.04684,0.489,17.8
24,93.3,0,13.9,6.649,18.1,0.0,666,15.288,0.671,20.2
24,75.0,0,23.2,6.437,18.1,0.0,666,3.56868,0.58,20.2
4,59.1,1,24.4,6.064,10.59,0.0,277,0.13587,0.489,18.6
4,98.3,0,7.0,5.414,27.74,0.0,711,0.18337,0.609,20.1
5,38.5,0,20.7,6.31,5.19,0.0,224,0.03738,0.515,20.2
7,17.5,0,26.2,6.718,5.86,22.0,330,0.19073,0.431,19.1
4,21.9,0,18.2,5.663,1.91,80.0,334,0.04301,0.413,22.0
5,37.3,0,20.6,6.059,5.19,0.0,224,0.03306,0.515,20.2
7,58.1,0,28.4,6.616,2.18,33.0,222,0.05479,0.472,18.4
24,91.0,1,21.7,6.395,18.1,0.0,666,3.8497,0.77,20.2
24,56.7,0,20.1,5.713,18.1,0.0,666,13.0751,0.58,20.2
24,85.4,0,8.5,5.531,18.1,0.0,666,41.5292,0.693,20.2
4,63.0,0,20.5,6.115,5.64,21.0,243,0.04337,0.439,16.8
24,84.7,0,19.0,5.952,18.1,0.0,666,3.77498,0.655,20.2
24,96.7,0,14.6,6.185,18.1,0.0,666,10.233,0.614,20.2
24,82.9,1,21.9,8.78,18.1,0.0,666,3.47428,0.718,20.2
3,15.8,0,34.9,7.024,2.95,75.0,252,0.03359,0.428,18.3
8,47.2,0,19.6,5.927,5.13,25.0,284,0.10328,0.453,19.7
7,70.2,0,18.5,5.605,5.86,22.0,330,0.19133,0.431,19.1
24,48.2,0,19.9,5.759,18.1,0.0,666,3.1636,0.655,20.2
4,94.4,0,18.4,6.495,8.14,0.0,307,0.77299,0.538,21.0
8,76.5,1,25.1,6.631,6.2,0.0,307,0.52058,0.507,17.4
2,92.9,0,20.5,5.961,25.65,0.0,188,0.09299,0.581,19.1
5,100.0,0,30.1,6.842,3.97,20.0,264,0.65665,0.647,13.0
5,84.6,0,30.7,7.014,3.97,20.0,264,0.7857,0.647,13.0
24,96.0,0,12.5,6.405,18.1,0.0,666,5.87205,0.693,20.2
24,89.1,0,10.4,5.304,18.1,0.0,666,25.9406,0.679,20.2
